<?xml version="1.0" encoding="UTF-8"?>
<project-private xmlns="http://www.netbeans.org/ns/project-private/1">
    <editor-bookmarks xmlns="http://www.netbeans.org/ns/editor-bookmarks/2" lastBookmarkId="0"/>
    <open-files xmlns="http://www.netbeans.org/ns/projectui-open-files/2">
        <group>
            <file>file:/F:/CS%20115/Assignment2/src/cipher/ShiftN_Cipher.java</file>
            <file>file:/F:/CS%20115/Assignment2/src/cipher/CipherRunner.java</file>
            <file>file:/F:/CS%20115/Assignment2/src/cipher/ShuffleN_Cipher.java</file>
            <file>file:/F:/CS%20115/Assignment2/src/cipher/Cipher.java</file>
        </group>
    </open-files>
</project-private>
